Activity,Description
Express Gratitude,Thank your partner for something they did today.
Send a Sweet Message,Text a loving or encouraging message to your partner.
Compliment Them,Give your partner a genuine compliment about their appearance or something they did well.
Plan a Surprise,"Plan a small surprise, like their favorite treat or a handwritten note."
Listen Actively,Make a conscious effort to listen without interrupting when your partner speaks.
Physical Affection,"Give a hug, hold hands, or a gentle touch to show affection."
Quality Time,"Spend uninterrupted quality time together, even if it’s just a short walk or a meal."
Say 'I Love You',Verbalize your love and appreciation.
Do a Chore,Take care of a household task your partner usually handles.
Cook Together,"Prepare a meal together, sharing the tasks and enjoying the process."
Watch Their Favorite Show,Sit down and watch an episode of their favorite show with them.
Leave a Note,"Leave a loving or funny note in their bag, on their pillow, or somewhere they’ll find it."
Share a Memory,Reminisce about a happy memory you’ve shared.
Plan a Future Activity,Plan an upcoming date or activity to look forward to together.
Be Present,"Put away distractions (phones, laptops) and give your partner your full attention."
Encourage Them,Offer words of encouragement for something they’re working on or worried about.
Random Act of Kindness,"Do something kind without being asked, like making their coffee or warming their car."
Laugh Together,Share a joke or a funny video to bring some laughter into your day.
Apologize,"If there’s something you need to apologize for, do it sincerely."
Forgive,Let go of a minor grievance to maintain harmony.
Be Patient,Practice patience if your partner is having a tough day.
Physical Closeness,Sit close or cuddle while watching TV or talking.
Offer Help,Ask if there’s anything you can do to help them with their tasks today.
Music Time,Share your favorite songs or listen to music together.
Show Interest,Ask about their day and listen attentively to their stories.
Exercise Together,"Go for a run, walk, or do a workout together."
Read Together,"Share an article, book, or poem and discuss it."
Be Kind,"Practice small acts of kindness, like making their favorite drink or snack."
Give Space,Respect their need for some alone time when they need it.
Celebrate Small Wins,Celebrate small achievements or good news.
Plan a Movie Night,Choose a movie to watch together with snacks and comfy seating.
Reflect Together,Spend a few minutes reflecting on what you appreciate about each other.
Do a Puzzle/Game,Work on a puzzle or play a game together.
Speak Kindly,"Use kind and gentle words, especially when discussing something serious."
Touch Base,Check in with a quick call or message during the day to say you’re thinking of them.
Look into Their Eyes,Make eye contact to show you’re fully present with them.
Compliment Them in Public,Compliment your partner in front of others to boost their confidence.
Plan a Mini Adventure,"Plan a short outing to a new park, café, or scenic spot."
Show Understanding,Be empathetic if they share something difficult.
Learn Something Together,Take a short online class or tutorial on a topic of mutual interest.
Be Playful,Engage in a playful activity or joke around to lighten the mood.
Reaffirm Commitment,Reassure your partner of your commitment to the relationship.
Be Gracious,Show grace and understanding if your partner makes a mistake.
Light a Candle,Create a relaxing atmosphere at home with some candles or soft lighting.
Take a Walk Down Memory Lane,Look at old photos and reminisce about good times together.
Be Open,Share something new about yourself that your partner might not know.
Cook Their Favorite Meal,Surprise your partner by making their favorite dish.
Create a Playlist,Make a playlist of songs that remind you of your relationship.
Reflect on the Positive,Spend a few minutes reflecting on the positive aspects of your relationship.
